Country Name,Country Code,Series Name,Series Code,1990 [YR1990],1991 [YR1991],1992 [YR1992],1993 [YR1993],1994 [YR1994],1995 [YR1995],1996 [YR1996],1997 [YR1997],1998 [YR1998],1999 [YR1999],2000 [YR2000],2001 [YR2001],2002 [YR2002],2003 [YR2003],2004 [YR2004],2005 [YR2005],2006 [YR2006],2007 [YR2007],2008 [YR2008],2009 [YR2009],2010 [YR2010],2011 [YR2011],2012 [YR2012],2013 [YR2013]
Afghanistan,AFG,CO2 emissions (kt),EN.ATM.CO2E.KT,2676.91,2493.56,1426.463,1375.125,1320.12,1268.782,1199.109,1114.768,1056.096,832.409,781.071,645.392,359.366,583.053,733.4,1015.759,1338.455,1991.181,3927.357,6523.593,8236.082,..,..,..
Albania,ALB,CO2 emissions (kt),EN.ATM.CO2E.KT,7488.014,3971.361,2387.217,2343.213,1928.842,2086.523,2016.85,1543.807,1752.826,2984.938,3021.608,3223.293,3751.341,4294.057,4165.712,4253.72,3865.018,4055.702,4129.042,3879.686,4283.056,..,..,..
Algeria,DZA,CO2 emissions (kt),EN.ATM.CO2E.KT,78895.505,81458.738,82261.811,82474.497,86350.516,94692.941,96566.778,88195.017,107080.067,92118.707,87930.993,84293.329,90853.592,92533.078,89493.135,107127.738,103963.117,112338.545,114619.419,124586.325,123475.224,..,..,..
American Samoa,ASM,CO2 emissions (kt),EN.ATM.CO2E.KT,..,..,..,..,..,..,..,..,..,..,..,..,..,..,..,..,..,..,..,..,..,..,..,..
Andorra,ADO,CO2 emissions (kt),EN.ATM.CO2E.KT,..,..,..,..,..,407.037,425.372,458.375,484.044,513.38,524.381,524.381,531.715,535.382,564.718,575.719,546.383,539.049,539.049,517.047,517.047,..,..,..
Angola,AGO,CO2 emissions (kt),EN.ATM.CO2E.KT,4429.736,4367.397,4418.735,5801.194,3890.687,11012.001,10491.287,7381.671,7308.331,9156.499,9541.534,9732.218,12665.818,9064.824,18793.375,19156.408,22266.024,25151.953,26596.751,27836.197,30417.765,..,..,..
Antigua and Barbuda,ATG,CO2 emissions (kt),EN.ATM.CO2E.KT,300.694,293.36,293.36,308.028,311.695,322.696,322.696,337.364,333.697,348.365,344.698,344.698,363.033,388.702,407.037,410.704,425.372,443.707,458.375,498.712,513.38,..,..,..
Argentina,ARG,CO2 emissions (kt),EN.ATM.CO2E.KT,112613.57,117021.304,121447.373,118609.115,123350.546,122547.473,129217.746,134677.909,137673.848,145488.225,141076.824,132631.723,123266.205,133126.768,156170.196,160951.964,174237.505,180416.4,190056.943,179638.996,180511.742,..,..,..
Armenia,ARM,CO2 emissions (kt),EN.ATM.CO2E.KT,..,..,4052.035,2896.93,2966.603,3490.984,2607.237,3278.298,3406.643,3058.278,3465.315,3542.322,3043.61,3428.645,3644.998,4360.063,4382.065,5067.794,5555.505,4352.729,4220.717,..,..,..
Aruba,ABW,CO2 emissions (kt),EN.ATM.CO2E.KT,1840.834,1928.842,1723.49,1771.161,1763.827,1782.162,1811.498,1851.835,1668.485,1683.153,2233.203,2236.87,2255.205,2255.205,2258.872,2273.54,2273.54,2357.881,2288.208,2295.542,2321.211,..,..,..
Australia,AUS,CO2 emissions (kt),EN.ATM.CO2E.KT,287331.452,281530.258,294456.433,302116.796,303957.63,307433.946,329259.93,333623.66,346912.868,325523.257,329604.628,324859.53,341001.664,346476.495,348757.369,362684.635,371214.077,377235.291,387634.903,395093.581,373080.58,..,..,..
Austria,AUT,CO2 emissions (kt),EN.ATM.CO2E.KT,60725.52,65602.63,60542.17,60281.813,61103.221,61730.278,63024.729,63901.142,65565.96,63798.466,63695.79,65716.307,67179.44,72316.907,71865.866,74238.415,71565.172,69141.285,68268.539,62261.993,66897.081,..,..,..
Azerbaijan,AZE,CO2 emissions (kt),EN.ATM.CO2E.KT,..,..,57681.91,49365.154,42672.879,33479.71,31514.198,29809.043,31675.546,28576.931,29508.349,28771.282,29614.692,30615.783,32089.917,34337.788,39167.227,41426.099,45701.821,42628.875,45731.157,..,..,..
"Bahamas, The",BHS,CO2 emissions (kt),EN.ATM.CO2E.KT,1950.844,1782.162,1793.163,1701.488,1686.82,1683.153,1668.485,1364.124,1679.486,1675.819,1668.485,1569.476,1576.81,1518.138,1723.49,1598.812,1521.805,1547.474,1045.095,1642.816,2464.224,..,..,..
Bahrain,BHR,CO2 emissions (kt),EN.ATM.CO2E.KT,11884.747,11503.379,10590.296,15141.043,15254.72,16021.123,15621.42,17319.241,18404.673,18019.638,18643.028,13927.266,15698.427,16468.497,17509.925,19207.746,19497.439,22398.036,24301.209,24169.197,24202.2,..,..,..
Bangladesh,BGD,CO2 emissions (kt),EN.ATM.CO2E.KT,15533.412,15940.449,17748.28,17407.249,18969.391,22816.074,24029.851,25063.945,24048.186,25236.294,27869.2,32456.617,33707.064,33883.08,39750.28,37553.747,48136.709,48466.739,46435.221,52328.09,56152.771,..,..,..
Barbados,BRB,CO2 emissions (kt),EN.ATM.CO2E.KT,1074.431,1206.443,979.089,1114.768,748.068,828.742,850.744,902.082,1140.437,1210.11,1188.108,1221.111,1228.445,1268.782,1294.451,1353.123,1371.458,1426.463,1635.482,1624.481,1503.47,..,..,..
Belarus,BLR,CO2 emissions (kt),EN.ATM.CO2E.KT,..,..,87487.286,74451.101,65914.325,62118.98,60157.135,59519.077,57597.569,55819.074,53468.527,52595.781,52390.429,53721.55,58037.609,59064.369,61829.287,60281.813,62815.71,60292.814,62221.656,..,..,..
Belgium,BEL,CO2 emissions (kt),EN.ATM.CO2E.KT,108469.86,117578.688,114373.73,108924.568,113306.633,112976.603,119624.874,116295.238,119184.834,115844.197,115708.518,114766.099,107531.108,114835.772,111282.449,108524.865,106834.378,103215.049,103882.443,104194.138,108946.57,..,..,..
Belize,BLZ,CO2 emissions (kt),EN.ATM.CO2E.KT,311.695,359.366,355.699,377.701,374.034,377.701,308.028,388.702,370.367,601.388,689.396,711.398,359.366,374.034,381.368,396.036,407.037,425.372,407.037,414.371,421.705,..,..,..
Benin,BEN,CO2 emissions (kt),EN.ATM.CO2E.KT,715.065,828.742,905.749,1133.103,1265.115,1327.454,1265.115,1217.444,1213.777,1562.142,1617.147,1738.158,2053.52,2321.211,2511.895,2398.218,3876.019,4499.409,4492.075,4756.099,5188.805,..,..,..
Bermuda,BMU,CO2 emissions (kt),EN.ATM.CO2E.KT,597.721,509.713,407.037,480.377,473.043,465.709,476.71,476.71,462.042,495.045,495.045,495.045,524.381,509.713,671.061,443.707,520.714,517.047,388.702,465.709,476.71,..,..,..
Bhutan,BTN,CO2 emissions (kt),EN.ATM.CO2E.KT,128.345,187.017,216.353,187.017,212.686,249.356,304.361,396.036,385.035,385.035,399.703,388.702,418.038,377.701,308.028,396.036,392.369,392.369,421.705,388.702,476.71,..,..,..
Bolivia,BOL,CO2 emissions (kt),EN.ATM.CO2E.KT,5504.167,5779.192,6648.271,8038.064,8907.143,9424.19,8734.794,9842.228,10326.272,10311.604,10223.596,9823.893,9567.203,14128.951,13083.856,12324.787,14910.022,12757.493,13773.252,14407.643,15456.405,..,..,..
Bosnia and Herzegovina,BIH,CO2 emissions (kt),EN.ATM.CO2E.KT,..,..,4136.376,2948.268,3230.627,3428.645,6050.55,14605.661,18811.71,18089.311,23223.111,20700.215,22918.75,23237.779,24616.571,25617.662,27168.803,27883.868,30997.151,30590.114,31125.496,..,..,..
Botswana,BWA,CO2 emissions (kt),EN.ATM.CO2E.KT,2178.198,2148.862,3296.633,3509.319,3509.319,3523.987,3138.952,3212.292,3832.015,3545.989,4275.722,4334.394,4484.741,4264.721,4378.398,4613.086,4646.089,4701.094,4979.786,4396.733,5232.809,..,..,..
Brazil,BRA,CO2 emissions (kt),EN.ATM.CO2E.KT,208886.988,219330.604,220705.729,230738.641,242154.012,258347.484,284782.887,300547.32,312289.054,320173.104,327983.814,337433.673,332266.87,321621.569,337826.042,347308.904,347668.27,363212.683,387675.24,367147.374,419754.156,..,..,..
Brunei Darussalam,BRN,CO2 emissions (kt),EN.ATM.CO2E.KT,6420.917,5815.862,5808.528,5588.508,5408.825,5515.168,5595.842,5812.195,5984.544,4598.418,6527.26,6197.23,5320.817,5357.487,5361.154,5126.466,4822.105,10175.925,10582.962,9094.16,9160.166,..,..,..
Bulgaria,BGR,CO2 emissions (kt),EN.ATM.CO2E.KT,75763.887,58176.955,54458.617,68077.855,54344.94,58004.606,56559.808,51616.692,48998.454,43981.998,43530.957,46453.556,44634.724,47307.967,46787.253,47909.355,48943.449,52812.134,50791.617,42804.891,44678.728,..,..,..
Burkina Faso,BFA,CO2 emissions (kt),EN.ATM.CO2E.KT,586.72,627.057,630.724,627.057,645.392,627.057,707.731,806.74,861.745,931.418,1041.428,997.424,1004.758,1078.098,1103.767,1125.769,1360.457,1646.483,1697.821,1664.818,1683.153,..,..,..
Burundi,BDI,CO2 emissions (kt),EN.ATM.CO2E.KT,304.361,344.698,319.029,337.364,341.031,333.697,330.03,315.362,300.694,293.36,300.694,216.353,220.02,165.015,198.018,154.014,187.017,190.684,249.356,179.683,308.028,..,..,..
Cabo Verde,CPV,CO2 emissions (kt),EN.ATM.CO2E.KT,88.008,91.675,102.676,102.676,110.01,113.677,139.346,143.013,154.014,172.349,187.017,209.019,245.689,253.023,264.024,293.36,308.028,311.695,308.028,311.695,355.699,..,..,..
Cambodia,KHM,CO2 emissions (kt),EN.ATM.CO2E.KT,451.041,462.042,476.71,476.71,539.049,1551.141,1617.147,1540.14,1950.844,1895.839,1976.513,2251.538,2207.534,2379.883,2445.889,2775.919,2999.606,3483.65,3975.028,4052.035,4180.38,..,..,..
Cameroon,CMR,CO2 emissions (kt),EN.ATM.CO2E.KT,1738.158,1111.101,3795.345,3898.021,3817.347,4363.73,4602.085,3215.959,3208.625,3080.28,3432.312,3421.311,3417.644,3795.345,3956.693,3696.336,3828.348,5834.197,5544.504,6673.94,7234.991,..,..,..
Canada,CAN,CO2 emissions (kt),EN.ATM.CO2E.KT,450076.579,449053.486,467648.843,477920.11,454491.647,459790.462,467883.531,483233.593,517219.349,515415.185,534483.585,525690.119,519162.859,553185.285,552349.209,563071.517,550233.35,560801.644,544974.872,513937.384,499137.372,..,..,..
Cayman Islands,CYM,CO2 emissions (kt),EN.ATM.CO2E.KT,253.023,275.025,311.695,333.697,366.7,366.7,388.702,407.037,425.372,421.705,454.708,454.708,469.376,480.377,498.712,513.38,517.047,612.389,630.724,586.72,590.387,..,..,..
Central African Republic,CAF,CO2 emissions (kt),EN.ATM.CO2E.KT,198.018,205.352,216.353,223.687,234.688,234.688,234.688,245.689,249.356,264.024,267.691,245.689,245.689,234.688,212.686,212.686,227.354,234.688,234.688,234.688,264.024,..,..,..
Chad,TCD,CO2 emissions (kt),EN.ATM.CO2E.KT,146.68,69.673,88.008,99.009,102.676,102.676,106.343,113.677,113.677,121.011,176.016,172.349,168.682,381.368,377.701,399.703,407.037,462.042,509.713,443.707,469.376,..,..,..
Channel Islands,CHI,CO2 emissions (kt),EN.ATM.CO2E.KT,..,..,..,..,..,..,..,..,..,..,..,..,..,..,..,..,..,..,..,..,..,..,..,..
Chile,CHL,CO2 emissions (kt),EN.ATM.CO2E.KT,34143.437,32181.592,33314.695,35474.558,38888.535,42456.526,48518.077,56171.106,57714.913,60883.201,58694.002,52757.129,55360.699,55078.34,60047.125,61730.278,64392.52,71154.468,71224.141,67267.448,72258.235,..,..,..
China,CHN,CO2 emissions (kt),EN.ATM.CO2E.KT,2460744.017,2584538.27,2695982.067,2878694.009,3058241.33,3320285.15,3463089.131,3469510.048,3324344.519,3318055.614,3405179.867,3487566.356,3694242.143,4525177.009,5288166.032,5790016.984,6414463.08,6791804.714,7035443.861,7692210.895,8286891.952,..,..,..
Colombia,COL,CO2 emissions (kt),EN.ATM.CO2E.KT,57337.212,57120.859,62049.307,64022.153,67571.809,59614.419,60527.502,64909.567,65976.664,56512.137,57923.932,56273.782,55661.393,57421.553,55071.006,60945.54,62940.388,63439.1,66438.706,70850.107,75679.546,..,..,..
Comoros,COM,CO2 emissions (kt),EN.ATM.CO2E.KT,77.007,77.007,77.007,77.007,77.007,80.674,66.006,66.006,73.34,80.674,84.341,88.008,91.675,99.009,102.676,110.01,121.011,121.011,124.678,124.678,139.346,..,..,..
"Congo, Dem. Rep.",ZAR,CO2 emissions (kt),EN.ATM.CO2E.KT,4070.37,3755.008,3619.329,3410.31,2478.892,2966.603,3248.962,2926.266,2533.897,2247.871,1646.483,1565.809,1543.807,1697.821,1936.176,2225.869,2416.553,2603.57,2819.923,2720.914,3039.943,..,..,..
"Congo, Rep.",COG,CO2 emissions (kt),EN.ATM.CO2E.KT,1188.108,1265.115,1573.143,1543.807,2148.862,1565.809,1716.156,2343.213,777.404,821.408,1048.762,861.745,707.731,1085.432,1180.774,1455.799,1338.455,1437.464,1474.134,1884.838,2027.851,..,..,..
Costa Rica,CRI,CO2 emissions (kt),EN.ATM.CO2E.KT,2955.602,3336.97,3791.678,3953.026,5269.479,4866.109,4748.765,4987.12,5317.15,5522.502,5474.831,5760.857,6325.575,6626.269,6930.63,7088.311,7436.676,8573.446,8646.786,7818.044,7770.373,..,..,..
Cote d'Ivoire,CIV,CO2 emissions (kt),EN.ATM.CO2E.KT,5797.527,5636.179,4624.087,5892.869,5251.144,7132.315,8379.095,8173.743,6912.295,6266.903,6791.284,7726.369,7286.329,5460.163,7664.03,7825.378,6996.636,6882.959,6871.958,5856.199,5804.861,..,..,..
Croatia,HRV,CO2 emissions (kt),EN.ATM.CO2E.KT,..,..,16772.858,16428.16,16875.534,17612.601,18518.35,19295.754,20417.856,20491.196,19644.119,20714.883,21877.322,23542.14,23047.095,23105.767,23175.44,24389.217,23366.124,21554.626,20883.565,..,..,..
Cuba,CUB,CO2 emissions (kt),EN.ATM.CO2E.KT,33340.364,29633.027,31338.182,29347.001,32199.927,25657.999,26959.784,24605.57,24444.222,25276.631,26039.367,25452.647,26090.705,25485.65,25005.273,26006.364,27407.158,26736.097,30443.434,29900.718,38364.154,..,..,..
Curacao,CUW,CO2 emissions (kt),EN.ATM.CO2E.KT,..,..,..,..,..,..,..,..,..,..,..,..,..,..,..,..,..,..,..,..,..,..,..,..
Cyprus,CYP,CO2 emissions (kt),EN.ATM.CO2E.KT,4653.423,4741.431,5276.813,5485.832,5636.179,5551.838,5764.524,5885.535,6391.581,6475.922,6849.956,6846.289,7022.305,7748.371,7334,7502.682,7788.708,8195.745,8555.111,8140.74,7708.034,..,..,..
Czech Republic,CZE,CO2 emissions (kt),EN.ATM.CO2E.KT,..,..,139034.305,131810.315,125844.106,125052.034,127831.62,129214.079,122844.5,112481.558,124648.664,124406.642,120193.259,122378.791,122708.821,120735.975,122763.826,123948.267,117013.97,108121.495,111751.825,..,..,..
Denmark,DNK,CO2 emissions (kt),EN.ATM.CO2E.KT,49746.522,61213.231,54319.271,57157.529,61051.883,55140.679,68602.236,57054.853,56068.43,50930.963,47260.296,49035.124,49266.145,55734.733,50597.266,47098.948,55005,50252.568,46959.602,44502.712,46303.209,..,..,..
Djibouti,DJI,CO2 emissions (kt),EN.ATM.CO2E.KT,399.703,399.703,414.371,429.039,429.039,429.039,436.373,440.04,410.704,443.707,403.37,385.035,399.703,407.037,458.375,473.043,487.711,487.711,524.381,531.715,539.049,..,..,..
Dominica,DMA,CO2 emissions (kt),EN.ATM.CO2E.KT,58.672,58.672,58.672,62.339,69.673,80.674,73.34,80.674,77.007,80.674,102.676,113.677,102.676,113.677,110.01,113.677,110.01,150.347,128.345,128.345,135.679,..,..,..
Dominican Republic,DOM,CO2 emissions (kt),EN.ATM.CO2E.KT,9570.87,10135.588,11206.352,11939.752,12676.819,16105.464,17546.595,18239.658,18683.365,18870.382,20117.162,20234.506,21499.621,21888.323,18786.041,19651.453,20692.881,21429.948,21019.244,20322.514,20964.239,..,..,..
Ecuador,ECU,CO2 emissions (kt),EN.ATM.CO2E.KT,16835.197,16486.832,22302.694,24187.532,13637.573,22812.407,23890.505,18276.328,22229.354,21272.267,20942.237,23446.798,24689.911,26523.411,28657.605,29908.052,29688.032,30758.796,29669.697,30472.77,32636.3,..,..,..
"Egypt, Arab Rep.",EGY,CO2 emissions (kt),EN.ATM.CO2E.KT,75943.57,78715.822,81264.387,93156.468,85312.755,95723.368,102030.608,108202.169,122243.112,125393.065,141326.18,125451.737,127193.562,147963.45,150911.718,167207.866,178615.903,192381.821,196796.889,197871.32,204776.281,..,..,..
El Salvador,SLV,CO2 emissions (kt),EN.ATM.CO2E.KT,2618.238,3230.627,3428.645,3890.687,4429.736,5280.48,4895.445,5760.857,5812.195,5698.518,5742.522,5947.874,6039.549,6552.929,6365.912,6453.92,6846.289,6897.627,6545.595,6475.922,6248.568,..,..,..
Equatorial Guinea,GNQ,CO2 emissions (kt),EN.ATM.CO2E.KT,121.011,201.685,216.353,102.676,36.67,132.012,117.344,293.36,168.682,473.043,454.708,3094.948,4979.786,6017.547,5218.141,4712.095,4752.432,4796.436,4503.076,4620.42,4679.092,..,..,..
Eritrea,ERI,CO2 emissions (kt),EN.ATM.CO2E.KT,..,..,..,..,183.35,297.027,348.365,528.048,590.387,619.723,608.722,630.724,605.055,726.066,770.07,766.403,561.051,579.386,414.371,513.38,513.38,..,..,..
Estonia,EST,CO2 emissions (kt),EN.ATM.CO2E.KT,..,..,23014.092,17751.947,17682.274,16134.8,17946.298,17546.595,16508.834,15287.723,15181.38,15595.751,14935.691,17051.55,17216.565,16780.192,16189.805,18844.713,17491.59,14745.007,18338.667,..,..,..
Ethiopia,ETH,CO2 emissions (kt),EN.ATM.CO2E.KT,3017.941,2984.938,2966.603,3028.942,2977.604,2152.529,3729.339,4275.722,5027.457,5075.128,5830.53,4308.725,4481.074,4946.783,5243.81,5053.126,5419.826,5914.871,6369.579,6659.272,6494.257,..,..,..
Faeroe Islands,FRO,CO2 emissions (kt),EN.ATM.CO2E.KT,623.39,594.054,656.393,707.731,623.39,722.399,638.058,630.724,660.06,667.394,711.398,792.072,762.736,777.404,795.739,766.403,766.403,773.737,718.732,667.394,711.398,..,..,..
Fiji,FJI,CO2 emissions (kt),EN.ATM.CO2E.KT,817.741,674.728,722.399,762.736,817.741,869.079,894.748,737.067,704.064,803.073,865.412,1114.768,836.076,861.745,1133.103,1364.124,1360.457,1202.776,1078.098,847.077,1290.784,..,..,..
Finland,FIN,CO2 emissions (kt),EN.ATM.CO2E.KT,51745.037,53747.219,47858.017,50567.93,57498.56,52826.802,61282.904,59992.12,56988.847,55423.038,52141.073,56424.129,61077.552,68888.262,67091.432,54645.634,66196.684,63981.816,56592.811,53167.833,61843.955,..,..,..
France,FRA,CO2 emissions (kt),EN.ATM.CO2E.KT,399028.272,427667.542,397037.091,389105.37,369457.584,393289.417,408126.099,379486.829,409094.187,371309.419,365559.563,385827.072,380839.952,387590.899,390102.794,392071.973,382581.777,375882.168,372563.533,356923.778,361272.84,..,..,..
French Polynesia,PYF,CO2 emissions (kt),EN.ATM.CO2E.KT,630.724,638.058,645.392,616.056,539.049,572.052,579.386,597.721,594.054,583.053,630.724,737.067,737.067,799.406,788.405,850.744,850.744,843.41,869.079,872.746,883.747,..,..,..
Gabon,GAB,CO2 emissions (kt),EN.ATM.CO2E.KT,4844.107,1477.801,2130.527,3281.965,3351.638,3857.684,3534.988,3545.989,1631.815,1437.464,1052.429,1782.162,1778.495,1334.788,1767.494,2086.523,1976.513,2332.212,1565.809,80.674,2574.234,..,..,..
"Gambia, The",GMB,CO2 emissions (kt),EN.ATM.CO2E.KT,190.684,198.018,198.018,209.019,209.019,216.353,216.353,216.353,234.688,256.69,275.025,282.359,315.362,315.362,322.696,322.696,337.364,396.036,410.704,436.373,473.043,..,..,..
Georgia,GEO,CO2 emissions (kt),EN.ATM.CO2E.KT,..,..,15335.394,9952.238,6083.553,2302.876,4066.703,4437.07,4961.451,4345.395,4536.079,3769.676,3388.308,3773.343,4323.393,5067.794,6149.559,6189.896,6237.567,6057.884,6241.234,..,..,..
Germany,DEU,CO2 emissions (kt),EN.ATM.CO2E.KT,..,929973.202,891975.748,877645.112,865558.68,864110.215,889614.2,862276.715,855364.42,822460.429,829977.779,853662.932,828771.336,833406.424,825896.408,806703.33,808859.526,784015.601,783359.208,732248.562,745383.756,..,..,..
Ghana,GHA,CO2 emissions (kt),EN.ATM.CO2E.KT,3931.024,4044.701,4096.039,4664.424,5071.461,5427.16,5757.19,6395.248,6402.582,6549.262,6288.905,6919.629,7436.676,7631.027,7348.668,6956.299,9288.511,9578.204,8529.442,7444.01,8998.818,..,..,..
Greece,GRC,CO2 emissions (kt),EN.ATM.CO2E.KT,72723.944,67615.813,75503.53,75646.543,78363.79,79185.198,80395.308,84572.021,87809.982,86636.542,91616.328,93805.527,93669.848,95738.036,97149.831,98675.303,97285.51,98246.264,97809.891,94901.96,86717.216,..,..,..
Greenland,GRL,CO2 emissions (kt),EN.ATM.CO2E.KT,557.384,550.05,484.044,502.379,506.046,506.046,517.047,524.381,531.715,542.716,531.715,539.049,539.049,531.715,583.053,608.722,627.057,616.056,638.058,557.384,634.391,..,..,..
Grenada,GRD,CO2 emissions (kt),EN.ATM.CO2E.KT,110.01,113.677,121.011,124.678,146.68,157.681,161.348,176.016,176.016,194.351,190.684,194.351,205.352,216.353,205.352,216.353,231.021,238.355,260.357,253.023,260.357,..,..,..
Guam,GUM,CO2 emissions (kt),EN.ATM.CO2E.KT,..,..,..,..,..,..,..,..,..,..,..,..,..,..,..,..,..,..,..,..,..,..,..,..
Guatemala,GTM,CO2 emissions (kt),EN.ATM.CO2E.KT,5086.129,5053.126,6017.547,5658.181,6838.955,7165.318,6651.938,7598.024,8753.129,8929.145,9915.568,10626.966,11096.342,10502.288,11620.723,12453.132,12526.472,12636.482,11441.04,11844.41,11118.344,..,..,..
Guinea,GIN,CO2 emissions (kt),EN.ATM.CO2E.KT,1056.096,1074.431,1074.431,1103.767,1228.445,1250.447,1272.449,1279.783,1243.113,1272.449,1279.783,1298.118,1323.787,1342.122,1342.122,1180.774,1180.774,1210.11,1213.777,1228.445,1235.779,..,..,..
Guinea-Bissau,GNB,CO2 emissions (kt),EN.ATM.CO2E.KT,253.023,256.69,260.357,278.692,278.692,282.359,286.026,264.024,172.349,194.351,146.68,150.347,154.014,194.351,201.685,212.686,216.353,231.021,227.354,234.688,238.355,..,..,..
Guyana,GUY,CO2 emissions (kt),EN.ATM.CO2E.KT,1140.437,1122.102,1052.429,1056.096,1334.788,1481.468,1529.139,1602.479,1653.817,1683.153,1609.813,1595.145,1580.477,1565.809,1628.148,1433.797,1290.784,1565.809,1558.475,1554.808,1701.488,..,..,..
Haiti,HTI,CO2 emissions (kt),EN.ATM.CO2E.KT,993.757,997.424,909.416,663.727,300.694,942.419,1092.766,1422.796,1232.112,1331.121,1367.791,1569.476,1826.166,1734.491,1987.514,2075.522,2112.192,2390.884,2427.554,2262.539,2119.526,..,..,..
Honduras,HND,CO2 emissions (kt),EN.ATM.CO2E.KT,2592.569,2698.912,3076.613,2849.259,3336.97,3879.686,3960.36,4158.378,4649.756,4741.431,5031.124,5713.186,6090.887,6769.282,7367.003,7554.02,7007.637,8778.798,8672.455,7865.715,8107.737,..,..,..
"Hong Kong SAR, China",HKG,CO2 emissions (kt),EN.ATM.CO2E.KT,27660.181,28892.293,33428.372,35129.86,31429.857,31620.541,29365.336,30854.138,39233.233,42753.553,40465.345,37971.785,36952.359,40065.642,38415.492,40546.019,38554.838,39962.966,38573.173,36996.363,36288.632,..,..,..
Hungary,HUN,CO2 emissions (kt),EN.ATM.CO2E.KT,62955.056,63435.433,58705.003,60116.798,58074.279,60058.126,62698.366,61807.285,60776.858,60362.487,57238.203,57021.85,56094.099,59071.703,57351.88,57916.598,57234.536,55859.411,54656.635,48675.758,50582.598,..,..,..
Iceland,ISL,CO2 emissions (kt),EN.ATM.CO2E.KT,1991.181,1767.494,1829.833,1991.181,2009.516,1947.177,2211.201,2104.858,2101.191,2068.188,2163.53,2101.191,2170.864,2167.197,2233.203,2203.867,2277.207,2310.21,2119.526,2053.52,1961.845,..,..,..
India,IND,CO2 emissions (kt),EN.ATM.CO2E.KT,690576.774,737851.738,783634.233,814297.687,864931.623,920046.633,1002224.103,1043939.895,1071911.771,1144390.026,1186663.202,1203843.097,1226791.183,1281913.527,1348524.582,1411127.606,1504364.748,1611404.478,1811288.981,1982262.856,2008822.937,..,..,..
Indonesia,IDN,CO2 emissions (kt),EN.ATM.CO2E.KT,149565.929,179730.671,202576.081,218600.871,221413.46,224941.114,253290.691,278658.997,210210.775,241988.997,263418.945,294907.474,306737.216,316792.13,337635.358,341991.754,345119.705,375544.804,412387.153,453105.521,433989.45,..,..,..
"Iran, Islamic Rep.",IRN,CO2 emissions (kt),EN.ATM.CO2E.KT,211134.859,228036.062,229073.823,237768.28,265824.497,273528.864,276726.488,269979.208,309230.776,382713.789,372702.879,398826.587,402178.225,418859.408,447480.343,469328.329,509889.016,539789.734,570574.199,577482.827,571611.96,..,..,..
Iraq,IRQ,CO2 emissions (kt),EN.ATM.CO2E.KT,52555.444,47421.644,61671.606,66801.739,75045.155,77901.748,69500.651,68308.876,72371.912,72283.904,72445.252,85342.091,87259.932,91117.616,114084.037,114769.766,99544.382,62834.045,94443.585,106651.028,114667.09,..,..,..
Ireland,IRL,CO2 emissions (kt),EN.ATM.CO2E.KT,31407.855,31283.177,31323.514,31246.507,32698.639,32874.655,35613.904,36512.319,38217.474,40182.986,41345.425,44150.68,43761.978,43336.606,43956.329,43534.624,43457.617,44583.386,43021.244,40623.026,39999.636,..,..,..
Isle of Man,IMY,CO2 emissions (kt),EN.ATM.CO2E.KT,..,..,..,..,..,..,..,..,..,..,..,..,..,..,..,..,..,..,..,..,..,..,..,..
Israel,ISR,CO2 emissions (kt),EN.ATM.CO2E.KT,33534.715,34315.786,41499.439,45148.104,47120.95,54234.93,54399.945,63402.43,62779.04,62155.65,62691.032,65749.31,63145.74,65122.253,63200.745,60245.143,65976.664,66424.038,70938.115,67029.093,70655.756,..,..,..
Italy,ITA,CO2 emissions (kt),EN.ATM.CO2E.KT,417550.289,423802.524,420535.227,411917.777,407378.031,430307.782,432236.624,436662.693,445305.812,440150.01,451440.703,450347.937,452632.478,468349.24,472767.975,473380.364,469346.664,462676.391,447186.983,401591.505,406307.267,..,..,..
Jamaica,JAM,CO2 emissions (kt),EN.ATM.CO2E.KT,7964.724,8173.743,8096.736,8415.765,8632.118,9702.882,10197.927,10630.633,9728.551,9772.555,10318.938,10626.966,10300.603,10722.308,10714.974,10645.301,12020.426,13479.892,11947.086,8591.781,7157.984,..,..,..
Japan,JPN,CO2 emissions (kt),EN.ATM.CO2E.KT,1094834.188,1100525.372,1123572.467,1108563.436,1174026.72,1183945.955,1205610.591,1201631.896,1159065.36,1198041.903,1219589.195,1202266.287,1216750.937,1237429.15,1259654.837,1238180.885,1231301.593,1251136.396,1206916.043,1100650.05,1170715.419,..,..,..
Jordan,JOR,CO2 emissions (kt),EN.ATM.CO2E.KT,10403.279,9798.224,12266.115,12101.1,13633.906,13556.899,14187.623,14418.644,14543.322,14568.991,15507.743,16002.788,16886.535,17469.588,19240.749,21026.578,20733.218,21539.958,20762.554,21253.932,20821.226,..,..,..
Kazakhstan,KAZ,CO2 emissions (kt),EN.ATM.CO2E.KT,..,..,261306.753,221105.432,199488.467,166731.156,140691.789,129580.779,125063.035,116493.256,127769.281,147908.445,151945.812,153815.982,172158.316,176947.418,192532.168,220313.36,230437.947,214086.794,248728.943,..,..,..
Kenya,KEN,CO2 emissions (kt),EN.ATM.CO2E.KT,5823.196,4840.44,5540.837,6347.577,6556.596,7554.02,9328.848,8265.418,10036.579,10172.258,10417.947,9369.185,7968.391,6754.614,7623.693,8562.445,9574.537,9831.227,10241.931,12350.456,12427.463,..,..,..
Kiribati,KIR,CO2 emissions (kt),EN.ATM.CO2E.KT,22.002,22.002,22.002,22.002,22.002,22.002,36.67,29.336,33.003,29.336,33.003,25.669,40.337,40.337,44.004,62.339,69.673,51.338,55.005,40.337,62.339,..,..,..
"Korea, Dem. Rep.",PRK,CO2 emissions (kt),EN.ATM.CO2E.KT,244834.589,251145.496,255413.884,262139.162,259641.935,259348.575,256682.666,234688,64927.902,71095.796,76698.972,79474.891,76108.585,77777.07,79482.225,83013.546,84557.353,70369.73,78081.431,74685.789,71623.844,..,..,..
"Korea, Rep.",KOR,CO2 emissions (kt),EN.ATM.CO2E.KT,246943.114,261482.769,284280.508,321951.599,344037.94,374771.067,403718.365,430007.088,364822.496,399846.013,447561.017,450193.923,465631.993,466215.046,482276.506,462918.413,470806.13,495837.072,508051.849,509375.636,567567.259,..,..,..
Kosovo,KSV,CO2 emissions (kt),EN.ATM.CO2E.KT,..,..,..,..,..,..,..,..,..,..,..,..,..,..,..,..,..,..,..,..,..,..,..,..
Kuwait,KWT,CO2 emissions (kt),EN.ATM.CO2E.KT,48312.725,10190.593,21085.25,33274.358,38906.87,54821.65,50153.559,54920.659,51745.037,54022.244,55181.016,55122.344,52753.462,61656.938,63534.442,71546.837,73769.039,75235.839,79958.935,81869.442,93695.517,..,..,..
Kyrgyz Republic,KGZ,CO2 emissions (kt),EN.ATM.CO2E.KT,..,..,10861.654,8305.755,6050.55,4437.07,5588.508,5482.165,5823.196,4561.748,4528.745,3780.677,4847.774,5328.151,5698.518,5232.809,5144.801,5870.867,5680.183,6479.589,6398.915,..,..,..
Lao PDR,LAO,CO2 emissions (kt),EN.ATM.CO2E.KT,234.688,253.023,278.692,278.692,300.694,377.701,506.046,638.058,718.732,957.087,971.755,902.082,1177.107,1129.436,1422.796,1433.797,1580.477,1668.485,1741.825,1811.498,1873.837,..,..,..
Latvia,LVA,CO2 emissions (kt),EN.ATM.CO2E.KT,..,..,13538.564,12108.434,11316.362,9640.543,9493.863,8364.427,8071.067,6827.954,6241.234,6853.623,6651.938,7088.311,7132.315,7176.319,7583.356,7928.054,7590.69,6824.287,7616.359,..,..,..
Lebanon,LBN,CO2 emissions (kt),EN.ATM.CO2E.KT,9097.827,9497.53,11356.699,11657.393,12742.825,13619.238,13798.921,15647.089,16178.804,16600.509,15353.729,16208.14,16039.458,18221.323,16835.197,16244.81,14499.318,14972.361,16655.514,20916.568,20403.188,..,..,..
Lesotho,LSO,CO2 emissions (kt),EN.ATM.CO2E.KT,..,..,..,..,..,..,..,..,..,..,..,..,..,..,..,..,..,7.334,18.335,25.669,18.335,..,..,..
Liberia,LBR,CO2 emissions (kt),EN.ATM.CO2E.KT,484.044,286.026,289.693,322.696,319.029,333.697,344.698,355.699,388.702,407.037,436.373,502.379,502.379,531.715,627.057,740.734,759.069,678.395,575.719,528.048,799.406,..,..,..
Libya,LBY,CO2 emissions (kt),EN.ATM.CO2E.KT,36780.01,42863.563,37260.387,38947.207,44132.345,46020.85,44158.014,44975.755,45474.467,44620.056,47113.616,48100.039,47832.348,49167.136,50358.911,52108.07,53787.556,54209.261,60391.823,67674.485,59035.033,..,..,..
Liechtenstein,LIE,CO2 emissions (kt),EN.ATM.CO2E.KT,..,..,..,..,..,..,..,..,..,..,..,..,..,..,..,..,..,..,..,..,..,..,..,..
Lithuania,LTU,CO2 emissions (kt),EN.ATM.CO2E.KT,..,..,22148.68,17495.257,17359.578,16204.473,15731.43,15339.061,16197.139,13692.578,12200.109,12918.841,13212.201,12915.174,13329.545,13993.272,14293.966,15137.376,15115.374,12577.81,13560.566,..,..,..
Luxembourg,LUX,CO2 emissions (kt),EN.ATM.CO2E.KT,10003.576,10612.298,10564.627,10788.314,10190.593,8316.756,8437.767,7939.055,7356.002,7686.032,8239.749,8800.8,9416.856,9904.567,11268.691,11543.716,11356.699,10868.988,10791.981,10249.265,10828.651,..,..,..
"Macao SAR, China",MAC,CO2 emissions (kt),EN.ATM.CO2E.KT,1034.094,1092.766,1085.432,1188.108,1283.45,1243.113,1415.462,1499.803,1565.809,1532.806,1635.482,1686.82,1525.472,1536.473,1727.157,1837.167,1631.815,1404.461,1191.775,1301.785,1030.427,..,..,..
"Macedonia, FYR",MKD,CO2 emissions (kt),EN.ATM.CO2E.KT,..,..,10777.313,10340.94,10469.285,10839.652,11741.734,10634.3,12625.481,11723.399,12064.43,11998.424,10934.994,11309.028,11191.684,11279.692,10938.661,11378.701,11848.077,11408.037,10872.655,..,..,..
Madagascar,MDG,CO2 emissions (kt),EN.ATM.CO2E.KT,986.423,1074.431,1045.095,1070.764,1316.453,1312.786,1411.795,1701.488,1738.158,1925.175,1873.837,1741.825,1235.779,1701.488,1807.831,1741.825,1683.153,1815.165,1943.51,1822.499,2013.183,..,..,..
Malawi,MWI,CO2 emissions (kt),EN.ATM.CO2E.KT,612.389,660.06,656.393,693.063,718.732,729.733,711.398,759.069,828.742,997.424,905.749,905.749,883.747,957.087,975.422,916.75,953.42,953.42,1155.105,1059.763,1239.446,..,..,..
Malaysia,MYS,CO2 emissions (kt),EN.ATM.CO2E.KT,56592.811,68591.235,75298.178,91722.671,94010.879,121132.011,125374.73,124821.013,114186.713,107934.478,126603.175,136716.761,135128.95,160266.235,167332.544,177372.79,170647.512,205307.996,213221.382,203881.533,216804.041,..,..,..
Maldives,MDV,CO2 emissions (kt),EN.ATM.CO2E.KT,154.014,172.349,253.023,216.353,220.02,275.025,319.029,366.7,333.697,465.709,498.712,575.719,689.396,597.721,777.404,700.397,887.414,916.75,1008.425,1067.097,1074.431,..,..,..
Mali,MLI,CO2 emissions (kt),EN.ATM.CO2E.KT,421.705,436.373,443.707,454.708,462.042,469.376,487.711,524.381,517.047,539.049,542.716,546.383,553.717,539.049,564.718,568.385,568.385,579.386,594.054,612.389,623.39,..,..,..
Malta,MLT,CO2 emissions (kt),EN.ATM.CO2E.KT,2178.198,2075.522,2042.519,2669.576,2438.555,2126.86,2247.871,2522.896,2145.195,2346.88,2064.521,2486.226,2299.209,2581.568,2574.234,2698.912,2574.234,2724.581,2559.566,2497.227,2588.902,..,..,..
Marshall Islands,MHL,CO2 emissions (kt),EN.ATM.CO2E.KT,47.671,51.338,55.005,62.339,66.006,66.006,66.006,66.006,69.673,66.006,77.007,80.674,84.341,84.341,88.008,84.341,91.675,99.009,99.009,102.676,102.676,..,..,..
Mauritania,MRT,CO2 emissions (kt),EN.ATM.CO2E.KT,2665.909,2750.25,2944.601,2962.936,3124.284,2984.938,2999.606,2999.606,1111.101,1199.109,1235.779,1349.456,1433.797,1474.134,1631.815,1675.819,1675.819,1914.174,2020.517,2211.201,2214.868,..,..,..
Mauritius,MUS,CO2 emissions (kt),EN.ATM.CO2E.KT,1463.133,1521.805,1708.822,1774.828,1624.481,1829.833,1950.844,1998.515,2196.533,2467.891,2768.585,2966.603,2981.271,3146.286,3193.957,3410.31,3777.01,3887.02,3953.026,3865.018,4118.041,..,..,..
Mexico,MEX,CO2 emissions (kt),EN.ATM.CO2E.KT,314415.914,326344.665,328471.525,330334.361,347983.632,328038.819,340814.647,358383.244,373410.61,381848.377,381518.347,394800.221,391250.565,405632.539,410744.337,435045.546,441796.493,455844.77,471444.188,446237.23,443673.997,..,..,..
"Micronesia, Fed. Sts.",FSM,CO2 emissions (kt),EN.ATM.CO2E.KT,..,..,..,..,..,..,..,77.007,80.674,117.344,135.679,176.016,146.68,146.68,146.68,117.344,102.676,99.009,99.009,99.009,102.676,..,..,..
Moldova,MDA,CO2 emissions (kt),EN.ATM.CO2E.KT,..,..,20971.573,15628.754,12090.099,11191.684,11521.714,7099.312,6270.57,4503.076,3512.986,3714.671,3986.029,4290.39,4554.414,4895.445,4994.454,4686.426,4774.434,4547.08,4855.108,..,..,..
Monaco,MCO,CO2 emissions (kt),EN.ATM.CO2E.KT,..,..,..,..,..,..,..,..,..,..,..,..,..,..,..,..,..,..,..,..,..,..,..,..
Mongolia,MNG,CO2 emissions (kt),EN.ATM.CO2E.KT,10043.913,12207.443,11078.007,9314.18,7961.057,7924.387,8041.731,7711.701,7708.034,7554.02,7506.349,7884.05,8287.42,8034.397,8551.444,8646.786,9497.53,10091.584,10029.245,11052.338,11510.713,..,..,..
Montenegro,MNE,CO2 emissions (kt),EN.ATM.CO2E.KT,..,..,..,..,..,..,..,..,..,..,..,..,..,..,..,2057.187,2383.55,2251.538,2750.25,1822.499,2581.568,..,..,..
Morocco,MAR,CO2 emissions (kt),EN.ATM.CO2E.KT,23542.14,24975.937,26039.367,28217.565,29640.361,30373.761,31195.169,31862.563,32038.579,33153.347,33905.082,37715.095,38254.144,37561.081,43310.937,45771.494,47425.311,50267.236,49933.539,49541.17,50608.267,..,..,..
Mozambique,MOZ,CO2 emissions (kt),EN.ATM.CO2E.KT,1001.091,1026.76,1001.091,1078.098,1070.764,1111.101,1041.428,1125.769,1133.103,1188.108,1349.456,1580.477,1587.811,1917.841,1921.508,1822.499,1980.18,2390.884,2339.546,2574.234,2882.262,..,..,..
Myanmar,MMR,CO2 emissions (kt),EN.ATM.CO2E.KT,4275.722,4180.38,4888.111,5342.819,6244.901,6959.966,7256.993,7499.015,8078.401,8969.482,10087.917,8723.793,9207.837,9845.895,12434.797,11613.389,12610.813,12636.482,9028.154,10392.278,8995.151,..,..,..
Namibia,NAM,CO2 emissions (kt),EN.ATM.CO2E.KT,25.669,1015.759,1122.102,1151.438,1320.12,1631.815,1749.159,1796.83,1906.84,1664.818,1642.816,2016.85,1760.16,1873.837,1961.845,2310.21,2328.545,2409.219,3578.992,3182.956,3175.622,..,..,..
Nepal,NPL,CO2 emissions (kt),EN.ATM.CO2E.KT,634.391,960.754,1331.121,1466.8,1697.821,2035.185,2486.226,2783.253,2251.538,3219.626,3234.294,3454.314,2709.913,2951.935,2768.585,3241.628,2662.242,2698.912,3047.277,3505.652,3755.008,..,..,..
Netherlands,NLD,CO2 emissions (kt),EN.ATM.CO2E.KT,163482.194,164083.582,160339.575,165656.725,165807.072,166045.427,179085.279,171395.58,168406.975,163027.486,165363.365,167273.872,172363.668,175040.578,176903.414,172227.989,167200.532,171765.947,173845.136,169650.088,182077.551,..,..,..
New Caledonia,NCL,CO2 emissions (kt),EN.ATM.CO2E.KT,1624.481,1789.496,1771.161,1771.161,1723.49,1730.824,1763.827,1826.166,1804.164,2035.185,2299.209,1906.84,2427.554,2750.25,2552.232,2838.258,2779.586,2944.601,3281.965,2849.259,3920.023,..,..,..
New Zealand,NZL,CO2 emissions (kt),EN.ATM.CO2E.KT,23663.151,24176.531,25129.951,26904.779,26387.732,27146.801,28767.615,30971.482,29952.056,32716.974,32896.657,34510.137,33201.018,33938.085,34759.493,33919.75,33553.05,33648.392,34264.448,32324.605,31550.868,..,..,..
Nicaragua,NIC,CO2 emissions (kt),EN.ATM.CO2E.KT,2548.565,2005.849,2394.551,2302.876,2541.231,2779.586,2874.928,3142.619,3421.311,3626.663,3762.342,3964.027,4037.367,4411.401,4426.069,4319.726,4466.406,4594.751,4385.732,4495.742,4547.08,..,..,..
Niger,NER,CO2 emissions (kt),EN.ATM.CO2E.KT,832.409,821.408,784.738,880.08,872.746,920.417,1015.759,1012.092,1074.431,1059.763,795.739,759.069,814.074,880.08,964.421,828.742,806.74,821.408,916.75,1085.432,1411.795,..,..,..
Nigeria,NGA,CO2 emissions (kt),EN.ATM.CO2E.KT,45375.458,45247.113,64883.898,60061.793,46658.908,34917.174,40421.341,40190.32,40182.986,44788.738,79181.531,83350.91,98125.253,93138.133,97047.155,104696.517,98513.955,95209.988,92621.086,71719.186,78910.173,..,..,..
Northern Mariana Islands,MNP,CO2 emissions (kt),EN.ATM.CO2E.KT,..,..,..,..,..,..,..,..,..,..,..,..,..,..,..,..,..,..,..,..,..,..,..,..
Norway,NOR,CO2 emissions (kt),EN.ATM.CO2E.KT,31363.851,32023.911,29600.024,32196.26,29247.992,34906.173,33179.016,34132.436,36471.982,41022.729,38807.861,41092.402,37429.069,42625.208,42665.545,42438.191,44257.023,45089.432,50325.908,47076.946,57186.865,..,..,..
Oman,OMN,CO2 emissions (kt),EN.ATM.CO2E.KT,11386.035,11771.07,12079.098,13457.89,15306.058,15896.445,15104.373,15485.741,16560.172,20707.549,21895.657,20285.844,25470.982,32390.611,27986.544,29893.384,39603.6,44587.053,41066.733,40263.66,57201.533,..,..,..
Pakistan,PAK,CO2 emissions (kt),EN.ATM.CO2E.KT,68565.566,68242.87,72789.95,78008.091,84839.712,84484.013,94447.252,94711.276,97663.211,100384.125,106449.343,108282.843,114084.037,118895.141,131601.296,136636.087,146074.945,158894.777,156676.242,157890.019,161395.671,..,..,..
Palau,PLW,CO2 emissions (kt),EN.ATM.CO2E.KT,234.688,234.688,113.677,110.01,110.01,113.677,117.344,117.344,117.344,117.344,117.344,183.35,183.35,190.684,187.017,190.684,201.685,209.019,209.019,209.019,216.353,..,..,..
Panama,PAN,CO2 emissions (kt),EN.ATM.CO2E.KT,2768.585,3245.295,4246.386,3942.025,4338.061,2984.938,4624.087,5647.18,5947.874,5669.182,5790.193,7007.637,5870.867,6153.226,5804.861,6838.955,7370.67,7124.981,7576.022,8635.785,9633.209,..,..,..
Papua New Guinea,PNG,CO2 emissions (kt),EN.ATM.CO2E.KT,2141.528,2064.521,2053.52,1994.848,2181.865,2038.852,2163.53,2555.899,2838.258,2464.224,2687.911,3230.627,3512.986,3967.694,4481.074,4613.086,4594.751,4902.779,3476.316,3333.303,3135.285,..,..,..
Paraguay,PRY,CO2 emissions (kt),EN.ATM.CO2E.KT,2262.539,2233.203,2621.905,2951.935,3498.318,3964.027,3751.341,4195.048,4503.076,4503.076,3689.002,3821.014,3898.021,4070.37,4088.705,3832.015,3986.029,4136.376,4352.729,4517.744,5075.128,..,..,..
Peru,PER,CO2 emissions (kt),EN.ATM.CO2E.KT,21169.591,20417.856,20388.52,23556.808,23230.445,23883.171,24363.548,27407.158,27806.861,29358.002,30296.754,27165.136,27187.138,26380.398,31895.566,37135.709,35063.854,43208.261,41279.419,47355.638,57579.234,..,..,..
Philippines,PHL,CO2 emissions (kt),EN.ATM.CO2E.KT,41763.463,43930.66,48752.765,49482.498,54799.648,60710.852,62162.984,71158.135,69240.294,69159.62,73306.997,71051.792,71337.818,71532.169,74066.066,74832.469,67692.82,69669.333,75943.57,74784.798,81590.75,..,..,..
Poland,POL,CO2 emissions (kt),EN.ATM.CO2E.KT,366773.34,361591.869,357283.144,352519.711,336161.224,346813.859,358823.284,351049.244,326935.052,317133.161,301691.424,302806.192,296931.658,304856.045,304988.057,303598.264,320004.422,315637.025,316124.736,298787.16,317254.172,..,..,..
Portugal,PRT,CO2 emissions (kt),EN.ATM.CO2E.KT,42196.169,43934.327,48195.381,46812.922,47568.324,51924.72,50732.945,53233.839,58055.944,64689.547,62966.057,62863.381,66820.074,61275.57,63175.076,65309.27,59108.373,60864.866,58356.638,57410.552,52361.093,..,..,..
Puerto Rico,PRI,CO2 emissions (kt),EN.ATM.CO2E.KT,..,..,..,..,..,..,..,..,..,..,..,..,..,..,..,..,..,..,..,..,..,..,..,..
Qatar,QAT,CO2 emissions (kt),EN.ATM.CO2E.KT,11774.737,17674.94,26802.103,30722.126,30223.414,30824.802,31825.893,36288.632,32401.612,31407.855,34730.157,30362.76,28481.589,36156.62,44392.702,51880.716,56735.824,67241.779,67997.181,66119.677,70531.078,..,..,..
Romania,ROM,CO2 emissions (kt),EN.ATM.CO2E.KT,158861.774,137530.835,123262.538,120699.305,115415.158,127101.887,126691.183,114447.07,102232.293,89639.815,89984.513,95672.03,92173.712,95939.721,95400.672,95675.697,102595.326,100959.844,94645.27,80307.3,78745.158,..,..,..
Russian Federation,RUS,CO2 emissions (kt),EN.ATM.CO2E.KT,..,..,2139720.169,1963938.857,1722554.915,1662526.125,1631906.675,1559237.736,1526744.449,1538834.548,1558111.967,1558012.958,1557664.593,1604972.56,1602963.044,1615687.534,1669618.103,1667597.586,1715638.953,1574367.778,1740776.238,..,..,..
Rwanda,RWA,CO2 emissions (kt),EN.ATM.CO2E.KT,682.062,630.724,638.058,641.725,619.723,612.389,630.724,652.726,641.725,671.061,685.729,689.396,689.396,682.062,689.396,528.048,528.048,557.384,542.716,575.719,594.054,..,..,..
Samoa,WSM,CO2 emissions (kt),EN.ATM.CO2E.KT,124.678,124.678,128.345,128.345,121.011,132.012,132.012,132.012,132.012,139.346,139.346,143.013,143.013,150.347,154.014,157.681,157.681,161.348,161.348,161.348,161.348,..,..,..
San Marino,SMR,CO2 emissions (kt),EN.ATM.CO2E.KT,..,..,..,..,..,..,..,..,..,..,..,..,..,..,..,..,..,..,..,..,..,..,..,..
Sao Tome and Principe,STP,CO2 emissions (kt),EN.ATM.CO2E.KT,47.671,47.671,47.671,47.671,47.671,47.671,47.671,47.671,47.671,47.671,47.671,51.338,58.672,66.006,73.34,77.007,84.341,84.341,84.341,91.675,99.009,..,..,..
Saudi Arabia,SAU,CO2 emissions (kt),EN.ATM.CO2E.KT,217948.145,267768.007,285534.622,313818.193,309018.09,236253.809,258750.854,216239.323,207680.545,226459.252,296935.325,297214.017,326407.004,327272.416,395834.315,397642.146,432739.003,393535.106,418239.685,431026.514,464480.555,..,..,..
Senegal,SEN,CO2 emissions (kt),EN.ATM.CO2E.KT,3182.956,3424.978,3479.983,3593.66,3901.688,3494.651,3740.34,3263.63,3428.645,3700.003,3938.358,4330.727,4547.08,5012.789,5280.48,5859.866,4789.102,5335.485,5441.828,5848.865,7058.975,..,..,..
Serbia,SRB,CO2 emissions (kt),EN.ATM.CO2E.KT,..,..,..,..,..,..,..,..,..,..,..,..,..,..,..,..,53765.554,52251.083,51880.716,46127.193,45962.178,..,..,..
Seychelles,SYC,CO2 emissions (kt),EN.ATM.CO2E.KT,113.677,143.013,165.015,161.348,187.017,190.684,198.018,414.371,440.04,513.38,564.718,641.725,542.716,557.384,744.401,696.73,744.401,652.726,707.731,755.402,704.064,..,..,..
Sierra Leone,SLE,CO2 emissions (kt),EN.ATM.CO2E.KT,388.702,469.376,216.353,216.353,286.026,286.026,319.029,330.03,304.361,293.36,425.372,568.385,608.722,652.726,641.725,546.383,733.4,634.391,663.727,652.726,689.396,..,..,..
Singapore,SGP,CO2 emissions (kt),EN.ATM.CO2E.KT,46941.267,47425.311,50267.236,54627.299,65367.942,47109.949,55305.694,69240.294,57293.208,50069.218,49005.788,49541.17,47230.96,31132.83,28474.255,30359.093,30799.133,17865.624,19636.785,24766.918,13520.229,..,..,..
Sint Maarten (Dutch part),SXM,CO2 emissions (kt),EN.ATM.CO2E.KT,..,..,..,..,..,..,..,..,..,..,..,..,..,..,..,..,..,..,..,..,..,..,..,..
Slovak Republic,SVK,CO2 emissions (kt),EN.ATM.CO2E.KT,..,..,44983.089,40296.663,39603.6,42152.165,41433.433,40626.693,41558.111,40615.692,37311.725,39357.911,39251.568,39493.59,38749.189,39174.561,38928.872,36600.327,37557.414,33890.414,36094.281,..,..,..
Slovenia,SVN,CO2 emissions (kt),EN.ATM.CO2E.KT,..,..,12478.801,13164.53,13340.546,14403.976,14954.026,15859.775,15192.381,15232.718,14264.63,15163.045,15419.735,15500.409,15746.098,15867.109,16244.81,16211.807,17179.895,15309.725,15328.06,..,..,..
Solomon Islands,SLB,CO2 emissions (kt),EN.ATM.CO2E.KT,161.348,161.348,161.348,157.681,154.014,161.348,161.348,161.348,161.348,165.015,165.015,172.349,172.349,179.683,179.683,179.683,179.683,198.018,198.018,198.018,201.685,..,..,..
Somalia,SOM,CO2 emissions (kt),EN.ATM.CO2E.KT,18.335,3.667,11.001,11.001,11.001,11.001,..,..,..,..,517.047,502.379,572.052,575.719,575.719,579.386,575.719,605.055,608.722,594.054,608.722,..,..,..
South Africa,ZAF,CO2 emissions (kt),EN.ATM.CO2E.KT,333513.65,346337.149,324852.196,342549.138,358929.627,353458.463,358639.934,371327.754,372218.835,371034.394,368610.507,362743.307,347686.605,380810.616,427132.16,396116.674,424843.952,443648.328,465023.271,503941.142,460124.159,..,..,..
South Sudan,SSD,CO2 emissions (kt),EN.ATM.CO2E.KT,..,..,..,..,..,..,..,..,..,..,..,..,..,..,..,..,..,..,..,..,..,..,..,..
Spain,ESP,CO2 emissions (kt),EN.ATM.CO2E.KT,218864.895,225857.864,234057.276,219407.611,233558.564,241732.307,233422.885,252168.589,261563.443,282384.669,294434.431,297830.073,314518.59,321097.188,339428.521,353462.13,350037.152,358236.564,329285.599,288237.201,269674.847,..,..,..
Sri Lanka,LKA,CO2 emissions (kt),EN.ATM.CO2E.KT,3773.343,4063.036,5056.793,4902.779,5408.825,5797.527,6952.632,7506.349,7763.039,8536.776,10161.257,10245.598,11008.334,10659.969,11965.421,11642.725,11738.067,12456.799,11892.081,12830.833,12709.822,..,..,..
St. Kitts and Nevis,KNA,CO2 emissions (kt),EN.ATM.CO2E.KT,66.006,73.34,73.34,84.341,88.008,95.342,102.676,102.676,102.676,102.676,102.676,183.35,198.018,220.02,227.354,234.688,234.688,249.356,249.356,260.357,249.356,..,..,..
St. Lucia,LCA,CO2 emissions (kt),EN.ATM.CO2E.KT,165.015,172.349,205.352,227.354,264.024,311.695,330.03,311.695,308.028,319.029,330.03,363.033,326.363,359.366,355.699,366.7,366.7,385.035,396.036,385.035,403.37,..,..,..
St. Martin (French part),MAF,CO2 emissions (kt),EN.ATM.CO2E.KT,..,..,..,..,..,..,..,..,..,..,..,..,..,..,..,..,..,..,..,..,..,..,..,..
St. Vincent and the Grenadines,VCT,CO2 emissions (kt),EN.ATM.CO2E.KT,80.674,77.007,84.341,102.676,121.011,132.012,135.679,135.679,165.015,168.682,157.681,179.683,187.017,194.351,194.351,198.018,201.685,201.685,201.685,201.685,209.019,..,..,..
Sudan,SDN,CO2 emissions (kt),EN.ATM.CO2E.KT,5559.172,5386.823,4756.099,2907.931,4444.404,4602.085,4268.388,5419.826,4697.427,5093.463,5533.503,6369.579,8118.738,9072.158,11382.368,10707.64,11503.379,12541.14,12588.811,14055.611,14172.955,..,..,..
Suriname,SUR,CO2 emissions (kt),EN.ATM.CO2E.KT,1811.498,2101.191,2112.192,2156.196,2163.53,2181.865,2130.527,2141.528,2163.53,2152.529,2126.86,2266.206,2251.538,2240.537,2291.875,2379.883,2442.222,2442.222,2442.222,2467.891,2383.55,..,..,..
Swaziland,SWZ,CO2 emissions (kt),EN.ATM.CO2E.KT,425.372,326.363,264.024,132.012,484.044,454.708,341.031,1202.776,1213.777,1239.446,1188.108,1144.104,1125.769,1041.428,1030.427,1019.426,1015.759,1063.43,1092.766,1023.093,1023.093,..,..,..
Sweden,SWE,CO2 emissions (kt),EN.ATM.CO2E.KT,51128.981,53226.505,55228.687,52034.73,54539.291,50743.946,57700.245,51844.046,52977.149,51106.979,49794.193,51128.981,57425.22,54781.313,54520.956,51561.687,49570.506,48059.702,49104.797,43743.643,52515.107,..,..,..
Switzerland,CHE,CO2 emissions (kt),EN.ATM.CO2E.KT,42863.563,41998.151,43065.248,40762.372,41319.756,39233.233,39929.963,41466.436,41829.469,40700.033,39049.883,42962.572,40718.368,40204.988,40392.005,41374.761,41877.14,38019.456,40392.005,41598.448,38756.523,..,..,..
Syrian Arab Republic,SYR,CO2 emissions (kt),EN.ATM.CO2E.KT,37451.071,43193.593,44436.706,47117.283,48532.745,43996.666,44249.689,40967.724,50281.904,52379.428,51048.307,48785.768,39068.218,54286.268,51110.646,50633.936,53589.538,57428.887,67700.154,62111.646,61858.623,..,..,..
Tajikistan,TJK,CO2 emissions (kt),EN.ATM.CO2E.KT,..,..,7220.323,5170.47,2354.214,2449.556,2827.257,2152.529,2497.227,2519.229,2236.87,2291.875,1881.171,2075.522,2563.233,2438.555,2654.908,3223.293,3032.609,2893.263,2860.26,..,..,..
Tanzania,TZA,CO2 emissions (kt),EN.ATM.CO2E.KT,2372.549,2434.888,2361.548,2636.573,2445.889,3553.323,3461.648,2882.262,2555.899,2537.564,2651.241,3127.951,3589.993,3806.346,4352.729,5617.844,5958.875,6149.559,6538.261,6446.586,6846.289,..,..,..
Thailand,THA,CO2 emissions (kt),EN.ATM.CO2E.KT,95833.378,105235.566,115187.804,130735.884,145469.89,167585.567,186965.662,193096.886,171065.55,182810.951,188355.455,202132.374,215975.299,232198.107,252344.605,256169.286,261211.411,262205.168,261838.468,276587.142,295281.508,..,..,..
Timor-Leste,TMP,CO2 emissions (kt),EN.ATM.CO2E.KT,..,..,..,..,..,..,..,..,..,..,..,..,161.348,161.348,176.016,176.016,179.683,183.35,190.684,183.35,183.35,..,..,..
Togo,TGO,CO2 emissions (kt),EN.ATM.CO2E.KT,773.737,843.41,836.076,865.412,832.409,953.42,1059.763,986.423,1166.106,1536.473,1356.79,1162.439,1232.112,1463.133,1397.127,1338.455,1221.111,1316.453,1455.799,1503.47,1540.14,..,..,..
Tonga,TON,CO2 emissions (kt),EN.ATM.CO2E.KT,77.007,91.675,88.008,102.676,106.343,110.01,110.01,113.677,110.01,128.345,121.011,143.013,146.68,176.016,172.349,157.681,176.016,154.014,161.348,172.349,157.681,..,..,..
Trinidad and Tobago,TTO,CO2 emissions (kt),EN.ATM.CO2E.KT,16959.875,21048.58,20986.241,16820.529,19853.138,20967.906,21781.98,19229.748,19317.756,22816.074,24513.895,25023.608,26890.111,27696.851,30993.484,28580.598,32152.256,46460.89,42540.867,48177.046,50681.607,..,..,..
Tunisia,TUN,CO2 emissions (kt),EN.ATM.CO2E.KT,13267.206,15489.408,15023.699,16501.5,15940.449,15735.097,16758.19,16945.207,18001.303,18331.333,19922.811,20817.559,21015.577,21396.945,22445.707,22801.406,23127.769,23868.503,25012.607,24807.255,25878.019,..,..,..
Turkey,TUR,CO2 emissions (kt),EN.ATM.CO2E.KT,145854.925,148612.509,153104.584,159133.132,156844.924,171971.299,188197.774,198527.713,200606.902,196767.553,216147.648,194538.017,205678.363,218509.196,225406.823,237368.577,261570.777,284658.209,285274.265,277844.923,298002.422,..,..,..
Turkmenistan,TKM,CO2 emissions (kt),EN.ATM.CO2E.KT,..,..,28067.218,27663.848,33476.043,34620.147,31363.851,30157.408,26490.408,34759.493,35364.548,39269.903,40245.325,42214.504,43336.606,45375.458,46255.538,53516.198,55093.008,48525.411,53054.156,..,..,..
Turks and Caicos Islands,TCA,CO2 emissions (kt),EN.ATM.CO2E.KT,..,..,..,..,..,11.001,11.001,11.001,14.668,14.668,14.668,14.668,99.009,102.676,102.676,121.011,143.013,157.681,157.681,161.348,161.348,..,..,..
Tuvalu,TUV,CO2 emissions (kt),EN.ATM.CO2E.KT,..,..,..,..,..,..,..,..,..,..,..,..,..,..,..,..,..,..,..,..,..,..,..,..
Uganda,UGA,CO2 emissions (kt),EN.ATM.CO2E.KT,803.073,828.742,839.743,832.409,762.736,993.757,1114.768,1147.771,1349.456,1408.128,1532.806,1620.814,1668.485,1708.822,1851.835,2284.541,2654.908,3127.951,3160.954,3366.306,3784.344,..,..,..
Ukraine,UKR,CO2 emissions (kt),EN.ATM.CO2E.KT,..,..,641680.996,546111.642,447010.967,445943.87,412335.815,341196.015,328636.54,332549.229,320774.492,321650.905,318684.302,352259.354,343121.19,333869.349,326480.344,327595.112,323458.736,261812.799,304804.707,..,..,..
United Arab Emirates,ARE,CO2 emissions (kt),EN.ATM.CO2E.KT,52009.061,57010.849,58136.618,65980.331,73130.981,70641.088,41059.399,41646.119,81495.408,78374.791,112562.232,101414.552,84704.033,106841.712,113240.627,116148.558,123874.927,139404.672,158935.114,162602.114,167596.568,..,..,..
United Kingdom,GBR,CO2 emissions (kt),EN.ATM.CO2E.KT,571050.909,584351.118,578062.213,558579.442,555238.805,555667.844,571362.604,545572.593,545290.234,535550.682,543662.086,550552.379,531938.687,540640.478,540409.457,541986.267,542041.272,528906.078,522466.826,475107.521,493504.86,..,..,..
United States,USA,CO2 emissions (kt),EN.ATM.CO2E.KT,4768137.761,4826703.418,4922195.765,5029767.21,5121559.554,5156168.7,5286046.506,5419440.965,5456092.63,5531691.502,5713560.034,5601404.839,5650949.676,5681664.468,5790765.052,5826393.624,5737615.554,5828696.5,5656838.878,5311840.184,5433056.536,..,..,..
Uruguay,URY,CO2 emissions (kt),EN.ATM.CO2E.KT,3993.363,4554.414,5170.47,4466.406,4066.703,4591.084,5441.828,5555.505,5687.517,6725.278,5306.149,5089.796,4620.42,4598.418,5610.51,5775.525,6648.271,5999.212,8331.424,7891.384,6644.604,..,..,..
Uzbekistan,UZB,CO2 emissions (kt),EN.ATM.CO2E.KT,..,..,114014.364,118532.108,110981.755,100912.173,103189.38,101781.252,117571.354,117421.007,119951.237,122037.76,126914.87,122683.152,119305.845,111887.504,116529.926,116944.297,120039.245,116606.933,104443.494,..,..,..
Vanuatu,VUT,CO2 emissions (kt),EN.ATM.CO2E.KT,69.673,66.006,66.006,66.006,66.006,66.006,84.341,88.008,84.341,84.341,80.674,88.008,84.341,80.674,55.005,55.005,47.671,95.342,91.675,117.344,117.344,..,..,..
"Venezuela, RB",VEN,CO2 emissions (kt),EN.ATM.CO2E.KT,122162.438,115440.827,105873.624,124355.304,129947.479,133236.778,122752.825,133962.844,167321.543,172616.691,152415.188,172525.016,193261.901,192103.129,168267.629,181630.177,171824.619,175784.979,186811.648,185341.181,201747.339,..,..,..
Vietnam,VNM,CO2 emissions (kt),EN.ATM.CO2E.KT,21407.946,21451.95,21477.619,23006.758,26230.051,29090.311,34667.818,45100.433,47513.319,47693.002,53644.543,61139.891,70806.103,78767.16,90549.231,97941.903,102455.98,113651.331,127164.226,140057.398,150229.656,..,..,..
Virgin Islands (U.S.),VIR,CO2 emissions (kt),EN.ATM.CO2E.KT,..,..,..,..,..,..,..,..,..,..,..,..,..,..,..,..,..,..,..,..,..,..,..,..
West Bank and Gaza,WBG,CO2 emissions (kt),EN.ATM.CO2E.KT,..,..,..,..,..,..,..,396.036,601.388,649.059,792.072,1349.456,1155.105,1279.783,1866.503,2742.916,2266.206,2324.878,2053.52,2090.19,2365.215,..,..,..
"Yemen, Rep.",YEM,CO2 emissions (kt),EN.ATM.CO2E.KT,9596.539,10109.919,14381.974,9431.524,11367.7,11250.356,14935.691,15474.74,12200.109,13894.263,14638.664,16252.144,15764.433,17304.573,18881.383,20043.822,20795.557,21712.307,22207.352,23058.096,21851.653,..,..,..
Zambia,ZMB,CO2 emissions (kt),EN.ATM.CO2E.KT,2445.889,2416.553,2456.89,2500.894,2420.22,2170.864,1870.17,2390.884,2313.877,1807.831,1818.832,1906.84,1969.179,2101.191,2130.527,2273.54,2225.869,1653.817,1844.501,2156.196,2427.554,..,..,..
Zimbabwe,ZWE,CO2 emissions (kt),EN.ATM.CO2E.KT,15504.076,15823.105,16901.203,16208.14,17645.604,15130.042,14994.363,14407.643,14253.629,15834.106,13886.929,12563.142,11932.418,10626.966,9926.569,10773.646,10344.607,10212.595,8148.074,8734.794,9427.857,..,..,..
